"gear","mean_mpg"
3,16.1066666666667
4,24.5333333333333
5,21.38
